image_name;distance
img_2674.heic;0.0
img_2675.jpg;5.296307860848156
img_2676.jpg;4.150837973478968
img_2677.heic;5.651647642876854
img_2677.jpg;3.490175720851636